Review,Model,Endpoint,N,Human_vs_ChatGPT_Cohen_kappa,Human_vs_Gemini_Cohen_kappa,ChatGPT_vs_Gemini_Cohen_kappa,Human_ChatGPT_Gemini_Fleiss_kappa
SR1,Model 1 (TF),Title screening,1556,0.4924119444972775,0.28177552749041124,0.603309833143298,0.4190452631142253
SR1,Model 1 (TF),Title/abstract screening,496,0.25883143049026186,0.3639652286593596,0.3726462507538698,0.2957172295389018
SR1,Model 1 (TF),Full-text inclusion,86,0.16060337178349599,0.2734952481520591,0.3190045248868778,0.1827485380116973
SR1,Model 2 (nTF),Final inclusion,1556,0.2551405172921699,0.27178982771202875,0.43440786974575296,0.32786499704824035
SR1,One-shot (exploratory),Full-text inclusion,1556,0.10338102317207912,0.22541840143498962,0.4066250400636267,0.2291184522807312
SR2,Model 2 (nTF),Final inclusion,3720,0.39455981281076324,0.42715876741746944,0.7806422433288102,0.564030474445487
SR3,Model 1 (TF),Title/abstract screening,746,0.3297105145448982,0.3305405070096357,0.6167283189478011,0.4072391359175248
SR3,Model 1 (TF),Full-text inclusion,101,0.31116794543904536,0.2809061488673139,0.7753891771682728,0.43583937198067607
SR3,Model 2 (nTF),Final inclusion,746,0.3677796012806371,0.441834016700087,0.771245838444016,0.5414467565682407
